id,Description
1,MANTENIMIENTOS PREVENTIVOS
2,MANTENIMIENTOS CORRECTIVOS
3,FALLAS ISP
4,SOPORTE USUARIOS
5,TIEMPO DE RECEPCION SOLICITUD
6,FALLAS SERVICIOS TELMEX
7,FALLAS SISTEMA CCTV
8,FALLAS SISTEMA COMERCIAL
9,FALLAS SISTEMA BANCOS
10,FALLAS SISTEMA NOMINAS 
11,FALLAS SISTEMA CONTABILIDAD
12,RESPALDOS A BDD REALIZADOS
13,RESPALDOS RDP REALIZADOS
14,DESARROLLOS WEB
15,DESARROLLOS DESKTOP
16,TICKETS RECIBIDOS
17,TICKETS ATENDIDOS
18,TICKETS PENDIENTES
19,COMPRA DE EQUIPOS NUEVOS (LAP-DTP-SERV)
20,FALLAS REDES WIRELESS
22,FALLAS REDES LAN
23,GASTOS CONSUMIBLES
24,GASTOS INTERNET
25,GASTOS TELEFONIA FIJA
26,GASTOS TELEFONIA MOVIL
27,GASTOS REFACCIONES
28,FALLAS RELOJES CHECADORES
29,FALLAS IMPRESORAS SAI
30,FALLAS IMPRESORA LOCALES.
31,CONTRATACION TERCEROS.
32,FALLAS ENERGIA ELECTRICA
33,HRS SOPORTE LIMAC
34,NUEVOS PROYECTOS
35,PROYECTOS PENDIENTES
