id,Description
1,Numero de pedidos recibidos
2,Total de kilogramos pedidos
3,Numero de pedidos enviados
4,Promedio dias recepcion del pedido vs embarque
5,Promedio dias de entrega en paqueteria
6,Cantidad de pedidos solicitados por CEDIS
7,Cantidad de pedidos solicitados por Clientes
8,Cantidad de incrementos solicitados desde los CEDIS
9,Kilogramos devueltos desde los CEDIS  (documentados)
10,Kilogramos devueltos desde los Clientes  (documentados)
11,Quejas o reclamaciones de clientes (documentadas)
12,Clientes satifechos posterior a una queja
13,Cantidad de kilos salidos sin costo
14,Total de dinero de producto sin costo
15,Numero de prospectos recibidos y pasados al area tecnica
16,Pedidos solicitados antes de la fecha que estaba programada
17,Pedidos en revision (No costeables aparentemente)
18,Cantidad de maquilas
19,Kilogramos maquilados
20,Pedidos cancelados 
