﻿id,Description
1,ALTA DE ACCIONES CORRECTIVAS
2,CIERRE DE ACCIONES CORRECTIVAS
3,CAMBIOS DE DOCUMENTACION DEL SGC
4,ALTA DE DOCUMENTOS DEL SGC
5,AUDITORIAS INTERNAS
6,RECOLECCION DE RESIDUOS PELIGROSOS
7,INSPECCIONES DE CALIDAD
8,NO CONFORMIDADES ENCONTRADAS DE LAS INSPECCIONES
9,INCIDENCIAS GENERALES
10,EMBARQUES LIBERADOS
11,LIBERACIÓN DE PRODUCTOS DE LINEA
12,LIBERACIÓN DE PRODUCTOS DE FORMULAS ESPECIALES
13,LIBERACION DE FORMULAS INTERNAS
14,TOMA DE MUESTRA Y LIBERACION DE MP
15,REVISIÓN Y LIBERACION DE MATERIAL DE EMPAQUE
16,CAPACITACIONES IMPARTIDAS POR PARTE DE CALIDAD
17,ENVIO DE MUESTRAS A ANALISIS EXTERNO
18,TOTAL DE GASTO EN ANALISIS EXTERNOS
19,TOTAL DE MUESTRAS POR HUMEDAD INTERNO
20,TOTAL DE CERTIFICADOS DE CALIDAD ELABORADOS EN EL MES
