id,Description
1,EXTINTORES
2,REVISION DE TRAMPAS
3,RECORRIDOS DE PLANTA X AREAS
4,CASILLEROS
5,RECOLECCION DE BASURA
6,RECICLAJE
7,ACCIDENTES/INCIDENTES EN LA PLANTA
8,DIAS SIN INCIDENTES
9,UNIFORMES/REPARACION
10,VISITAS EN PLANTA
11,CAPACITACIONES
12,PROTECCION CIVIL
13,ADQUISICION DE BOTAS
14,ADQUISICION DE MASCARILLAS
15,GUANTES/LENTES
16,CONCHAS VS POLVOS
17,FUMIGACION 
18,CONTROL DE INSECTOS
19,REPORTE DISCIPLINARIO DEL PERSONAL
20,RECORRIDO DIARIO DE SEGURIDAD
21,SIMULACROS
22,EQUIPO DE SEGURIDAD ADICIONAL ADQUIRIDO
23,FILTROS PARA POLVOS
24,"OTROS: ARNES DE MEDIA CARA, FAJAS, CASCOS"
