id,Description
1,Kilogramos de materia prima recibida 
2,Kilogramos de materia prima surtida 
3,Cantidad de piezas de material de empaque recibido
4,Cantidad de piezas de material de empaque entregado 
5,Incumplimientos de materia prima para produccion
6,Costo de inventario MP 
7,Costo de inventario ME
8,Costo de inventario PT |Almacen Tepatitlan|
9,Costo de inventario en CEDIS
10,Cantidad de pedidos revisados para CEDIS 
11,Requisiciones de programacion de compra MP
12,Requisiciones de programacion de compra ME
13,Cantidad de kilogramos formulados
14,Cantidad de kilos de maquila de secado | IDP |
15,Revision de PEPS en Almacenes
16,Revision de PEPS de Producto terminado 
17,Visitas fisicas a CEDIS
18,Devoluciones productos  mas 90 dias de permanencia en CEDIS 
19,Descargas de macros en almacen 21
20,Limpiezas generales  
21,Cantidad de kilogramos formulados Maquila
22,Kilogramos de devoluciones generales 
