id,Description
1,Ordenes de trabajo recibidas
2,Ordenes de trabajo realizadas mensuales
3,Ordenes de trabajo realizadas anuales
4,Ordenes de trabajo pendientes mensuales
5,Ordenes de trabajo pendientes anuales
6,Ordenes de trabajo urgentes
7,Ordenes de trabajo canceladas
8,Porcentaje de cumplimiento de ordenes realizadas mensuales
9,Porcentaje de cumplimiento de ordenes realizadas anuales
10,Porcentaje de cumplimiento de mttos preventivos
11,Dias promedio de recepcion de O.T. vs realizacion
12,Lubricaciones realizadas
13,Mantenimientos preventivos realizados
14,Contratacion de externos
15,Costo de contratacion externa
16,Trabajos fuera planta realizados por personal Mtto
17,Proyectos nuevos
18,Capacitaciones recibidas
19,Costo de materiales utilizados
20,Requisiciones de compras solicitadas
21,Requisiciones de compras realizadas
22,Adquisicion de equipos nuevos
23,Equipos fuera de uso
24,Mantenimientos preventivos por hacer
