id,Description
1,IMPORTE DEPOSITADO
2,IMPORTE RETIRADO
3,NUMERO DE DEPOSITOS
4,NUMERO DE RETIROS
5,CHEQUES PAGADOS
6,CHEQUES CANCELADOS
7,CHEQUES REBOTADOS
8,DEVOLUCION DE IVA
9,PAGOS A MAQUILADORA
10,RIF
11,FONDOS REVOLVENTES/EFECTIVALE
12,CUOTAS IMSS 08
13,2% SOBRE NOMINA ESTATAL
14,CUOTAS RCV 07-08
15,PRESTAMOS A EMPLEADOS
16,ABONOS A CREDITOS
17,INFONAVIT
18,PAGOS A ARRENDADORA/FORD CREDIT
19,REPORTE FACTOR
20,REPORTE DE INVENTARIOS
21,PAGO DE IMPUESTOS
22,PAGOS EFECTIVALE
