id,Description
1,Formulas PT
2,Formulas FE
3,Formulas MP
4,Molienda
5,Maquila
6,Re envasado
7,Cantidad de kilos de reproceso
8,Retrasos por falta de materias primas
9,Paros por fallas tecnicas
10,Modificaciones de pedidos
11,Cantidad de ordenes de produccion
12,Porcentaje  utilizado en la produccion Mz-04 
13,Porcentaje utilizado en la produccion Mz-03 
14,Porcentaje utilizado en la produccion Mz-01 
15,Porcentaje de molienda ML-PR-01
16,Numero de operarios
17,Numero de productos nuevos
18,Pruebas
19,Personal en capacitacion
20,Limpiezas a Mz-01 (Generales)
21,Limpiezas a Mz-02  (Generales)
22,Limpiezas a Mz-03  (Generales)
23,Limpiezas a Molino  (Generales)
24,Limpiezas a Secador
25,Produciones de lotes menores a lo planeado
26,Kilogramos de mermas (Polvos)
