id,Description
1,Kilos comprados MP
2,Cantidad en dinero comprada MP
3,Cantidad de piezas compradas y dinero gastado ME Y MD 
4,Numero de Requisiciones
5,Clientes visitados
6,Clientes evaluados
7,Numero minimo de dias para la compra
8,Numero maximo de dias para la compra
9,Materia prima con mas kilogramos comprados
10,Saldo a proveedores pendiente de pago
11,Numero maximo de dias excedidos de pago a proveedores
12,Proveedor no conforme
13,Materia no conforme
14,Alta de nuevas materias
15,Alta de nuevos proveedores
16,Atencion personal a entrevistas de proveedores
17,Expedientes conformados de proveedores
18,Numero de materias primas utilizadas
19,Numero de proveedores que se les compro
20,Compras realizadas
21,CARGOS A PROVEEDORES (Facturas)
