id,Description
1,Pedidos embarcados
2,Cantidad de tarimas armadas
3,Kilos embarcados en Fletera
4,Kilos embarcados en vehiculos de Biotecap
5,Kilos recolectados en planta
6,Cantidad de pedidos enviados a CEDIS
7,Kilos enviados a CEDIS
8,Pedidos enviados por fletera
9,Envio de pedidos en vehiculos de la empresa
10,Pedidos enviados a CEDIS por paqueteria
11,Cantidad de pedidos enviados a clientes
12,Cantidad de PT's embarcados
13,Cantidad de FE's embarcados
14,Gasto de logistica en Fleteras
15,Gasto de logistica en vehiculos de la empresa
16,Gasto de logistica en Paqueteria y LTL
17,Costo por kg en LTL
18,Costo por kg en paqueteria Productos
19,Costo por kg en paqueteria Calidad y Administracion
20,Costo por kg en fletera
21,Costo por kilogramo
22,Mantenimientos realizados a vehiculos 
23,Cantidad de vales de gasolina
24,Revisiones a vehiculos (check list)
25,Vehiculos fuera de servicio
26,Cantidad de combustible gastado (Vales de Grupo Biotecap)
27,Costo de renovacion de polizas de seguro
28,Gasto en mantenimiento de vehiculos
29,Cantidad de combustible gastado (Area tecnica)
