id,Description
1,REPORTE DE COBRANZA EFECTIVA
2,EFICIENCIA DE COBRANZA ESTIPULADA (BALANCE)
3,PORCENTAJE DE RECUPERACION MENSUAL
4,CLIENTES NUEVOS FACTURADOS
5,CUENTAS MOROSAS (TOTAL)
6,PORCENTAJE MOROSO DEL TOTAL DE LA COBRANZA
7,CLIENTE CON CANTIDAD MAS ALTA ( MOROSO)
8,PORCENTAJE QUE REPRESENTA EN LA COBRANZA (MOROSA)
9,DIAS DE LA CUENTA EN CANTIDAD MAS ALTA ( MOROSA)
10,CLIENTE CON MAS DIAS DE ATRASO
11,CANTIDAD DEL CLIENTE CON MAS DIAS DE ATRASO
12,FACTURACION TOTAL
13,CLIENTES FACTURADOS
14,NOTAS DE CREDITO APLICADAS
15,DEVOLUCION SOBRE VENTA APLICADAS
16,FACTURAS CANCELADAS
17,TOTAL DE FACTURAS EMITIDAS
18,CANTIDAD FACTURADA CLIENTES NUEVOS
19,FACTURACION NUPLEN
20,CARTAS DE COBRO LEGALES
