id,Description
1,ENTREVISTAS
2,CONTRATACIONES
3,INDUCCIONES OTORGADAS
4,ANALISIS PSICOMeTRICOS
5,CAPACITACIONES
6,LIQUIDACIONES
7,FINIQUITOS
8,ANTIDOPINGS REALIZADOS
9,EVENTOS REALIZADOS
10,NOMINAS PAGADAS FISCALES
11,NOMINAS PAGADAS NO FISCALES
12,AVANCE CON EXPEDIENTES
13,ANANCE CON CREDENCIALES DE EMPLEADO
14,DEMANDAS
15,NUMERO DE EMPLEADOS QUE TOMARON VACACIONES
16,NUMERO DE EMPLEADOS CON FALTAS JUSTIFICADAS
17,NUMERO DE EMPLEADOS CON FALTAS INJUSTIFICADAS
18,NUMERO DE EMPLEADOS CON RETARDOS
19,NUMERO DE EMPLEADOS CON PERMISOS 
20,INCAPACIDADES
21,AMONESTACIONES AL PERSONAL
22,INDICE DE ROTACIoN DE PERSONAL
